{
  "eng_laptop": {
    "train": {
      "count": 5773,
      "mean": 24.909752295167156,
      "median": 22.0,
      "std": 12.435483816169384,
      "min": 6,
      "max": 122,
      "q25": 16.0,
      "q75": 30.0,
      "q95": 49.0
    },
    "dev": {
      "count": 275,
      "mean": 20.585454545454546,
      "median": 17.0,
      "std": 10.866920918454035,
      "min": 7,
      "max": 59,
      "q25": 12.0,
      "q75": 26.0,
      "q95": 41.0
    }
  },
  "eng_restaurant": {
    "train": {
      "count": 3659,
      "mean": 26.35392183656737,
      "median": 23.0,
      "std": 15.07157625560594,
      "min": 6,
      "max": 118,
      "q25": 17.0,
      "q75": 32.0,
      "q95": 52.0
    },
    "dev": {
      "count": 340,
      "mean": 20.258823529411764,
      "median": 19.0,
      "std": 9.234402354847393,
      "min": 7,
      "max": 50,
      "q25": 13.0,
      "q75": 25.0,
      "q95": 37.0
    }
  },
  "jpn_finance": {
    "train": {
      "count": 1672,
      "mean": 77.0322966507177,
      "median": 71.0,
      "std": 32.44587189242056,
      "min": 15,
      "max": 283,
      "q25": 54.0,
      "q75": 93.0,
      "q95": 142.44999999999982
    },
    "dev": {
      "count": 319,
      "mean": 79.02194357366771,
      "median": 76.0,
      "std": 29.73618835341745,
      "min": 23,
      "max": 169,
      "q25": 58.0,
      "q75": 97.0,
      "q95": 138.09999999999997
    }
  },
  "jpn_hotel": {
    "train": {
      "count": 2846,
      "mean": 34.52565003513703,
      "median": 33.0,
      "std": 14.716955046079768,
      "min": 7,
      "max": 117,
      "q25": 24.0,
      "q75": 42.0,
      "q95": 61.0
    },
    "dev": {
      "count": 284,
      "mean": 33.49295774647887,
      "median": 32.0,
      "std": 13.295528465135515,
      "min": 10,
      "max": 83,
      "q25": 24.0,
      "q75": 39.0,
      "q95": 61.849999999999966
    }
  },
  "rus_restaurant": {
    "train": {
      "count": 2487,
      "mean": 45.11419380780056,
      "median": 39.0,
      "std": 25.38998255012578,
      "min": 9,
      "max": 179,
      "q25": 27.0,
      "q75": 55.0,
      "q95": 95.69999999999982
    },
    "dev": {
      "count": 81,
      "mean": 44.7037037037037,
      "median": 42.0,
      "std": 21.395421481163975,
      "min": 11,
      "max": 91,
      "q25": 30.0,
      "q75": 52.0,
      "q95": 89.0
    }
  },
  "tat_restaurant": {
    "train": {
      "count": 2487,
      "mean": 55.646160032167266,
      "median": 47.0,
      "std": 32.05334955763932,
      "min": 11,
      "max": 209,
      "q25": 33.0,
      "q75": 69.0,
      "q95": 113.0
    },
    "dev": {
      "count": 81,
      "mean": 54.370370370370374,
      "median": 49.0,
      "std": 28.025757308275043,
      "min": 11,
      "max": 121,
      "q25": 33.0,
      "q75": 61.0,
      "q95": 108.0
    }
  },
  "ukr_restaurant": {
    "train": {
      "count": 2487,
      "mean": 46.9686369119421,
      "median": 40.0,
      "std": 26.547296813532686,
      "min": 9,
      "max": 182,
      "q25": 29.0,
      "q75": 57.5,
      "q95": 101.0
    },
    "dev": {
      "count": 81,
      "mean": 45.96296296296296,
      "median": 43.0,
      "std": 22.38079227430943,
      "min": 11,
      "max": 92,
      "q25": 30.0,
      "q75": 55.0,
      "q95": 91.0
    }
  },
  "zho_finance": {
    "train": {
      "count": 2633,
      "mean": 78.74060007595898,
      "median": 72.0,
      "std": 39.97552341631831,
      "min": 10,
      "max": 322,
      "q25": 51.0,
      "q75": 97.0,
      "q95": 155.0
    },
    "dev": {
      "count": 563,
      "mean": 82.49023090586145,
      "median": 83.0,
      "std": 36.66372308123642,
      "min": 15,
      "max": 232,
      "q25": 57.5,
      "q75": 101.5,
      "q95": 141.79999999999995
    }
  },
  "zho_laptop": {
    "train": {
      "count": 6502,
      "mean": 56.881574900030756,
      "median": 43.0,
      "std": 50.531318520711096,
      "min": 9,
      "max": 674,
      "q25": 28.0,
      "q75": 68.0,
      "q95": 142.0
    },
    "dev": {
      "count": 431,
      "mean": 53.82366589327146,
      "median": 41.0,
      "std": 36.183939682814795,
      "min": 15,
      "max": 219,
      "q25": 29.0,
      "q75": 65.0,
      "q95": 131.0
    }
  },
  "zho_restaurant": {
    "train": {
      "count": 8523,
      "mean": 21.941569869764166,
      "median": 21.0,
      "std": 7.7213353336935615,
      "min": 7,
      "max": 62,
      "q25": 16.0,
      "q75": 27.0,
      "q95": 36.0
    },
    "dev": {
      "count": 416,
      "mean": 47.21875,
      "median": 42.0,
      "std": 22.036087848533125,
      "min": 15,
      "max": 107,
      "q25": 30.0,
      "q75": 61.0,
      "q95": 93.0
    }
  },
  "overall": {
    "train": {
      "count": 39069,
      "mean": 40.92423660702859,
      "median": 30.0,
      "std": 33.95689193109896,
      "min": 6,
      "max": 674,
      "q25": 20.0,
      "q75": 49.0,
      "q95": 105.0
    },
    "dev": {
      "count": 2871,
      "mean": 51.65447579240683,
      "median": 41.0,
      "std": 35.134112562397526,
      "min": 7,
      "max": 232,
      "q25": 25.0,
      "q75": 71.0,
      "q95": 121.0
    }
  }
}