{
  "V": {
    "validity": {
      "total": 39069,
      "valid": 39069,
      "invalid": 0,
      "valid_ratio": 100.0
    },
    "statistics": {
      "min": 1.0,
      "max": 9.0,
      "mean": 5.9971509380839025,
      "median": 6.3,
      "std": 1.4710012766711356
    }
  },
  "A": {
    "validity": {
      "total": 39069,
      "valid": 39066,
      "invalid": 3,
      "valid_ratio": 99.99232127773938
    },
    "statistics": {
      "min": 3.0,
      "max": 9.0,
      "mean": 6.1858232222392875,
      "median": 6.0,
      "std": 1.0073284275638008
    }
  }
}